Song Name,Artists,Artist_ID,Track_ID
Blinding Lights,The Weeknd,1Xyo4u8uXC1ZmMpatF05PJ,0VjIjW4GlUZAMYd2vXMi3b
Memories,Maroon 5,04gDigrS5kc9YWfZHwBETP,2b8fOow8UzyDFAE27YhOZM
SAD!,XXXTENTACION,15UsOTVnJzReFVN1VCnxy4,3ee8Jmje8o58CHK66QrVC2
STAY (with Justin Bieber),"The Kid LAROI, Justin Bieber",2tIP7SsRs7vjIcLrU85W8J,5HCyWlXZPP0y6Gqq8TgA20
Someone You Loved,Lewis Capaldi,4GNC7GD6oZMSxPGyXy4MNB,7qEHsqek33rTcFNT9PFqLf
drivers license,Olivia Rodrigo,1McMsnEElThX1knmY4oliG,7lPN2DXiMsVn7XUKtOW1CS
Let Me Down Slowly,Alec Benjamin,5IH6FPUwQTxPSXurCrcIov,2qxmye6gAegTMjLKEBoR3d
Never Be the Same,Camila Cabello,4nDoRrQiYLoBzwC5BhVJzF,4eWQlBRaTjPPUlzacqEeoQ
goosebumps,Travis Scott,0Y5tJX1MQlPlqiwlOH1tJY,6gBFPUFcJLzWGx4lenP6h2
Him & I,"G-Eazy, Halsey",02kJSzxNuaWGqwubyUba0Z,3YU6vJbjYUG0tiJyXf9x5V
Nonstop,Drake,3TVXtAsR1Inumwj472S9r4,0TlLq3lA83rQOYtrqBqSct
Savage Love (Laxed - Siren Beat),"Jawsh 685, Jason Derulo",56mfhUDKa1vec6rSLZV5Eg,1xQ6trAsedVPCdbtDAmk0c
7 rings,Ariana Grande,66CXWjxzNUsdJxJ2JdwvnR,6ocbgoVGwYJhOv1GgI9NsF
Happier,Ed Sheeran,6eUKZXaKkcviH0Ku9w2n3V,2RttW7RAu5nOAfq6YFvApB
Calm Down,Rema,46pWGuE3dSwY3bMMXGBvVS,6hgoYQDUcPyCz7LcTUHKxa
lovely (with Khalid),"Billie Eilish, Khalid",6qqNVTkY8uBg9cP3Jd7DAH,0u2P5u6lvoDfwTYjAADbn4
Heat Waves,Glass Animals,4yvcSjfu4PC0CYQyLy4wSq,3USxtqRwSYz57Ewm6wWRMp
Can't Hold Us (feat. Ray Dalton),"Macklemore & Ryan Lewis, Macklemore, Ryan Lewis, Ray Dalton",3JhNCzhSMTxs9WLGJJxWOY,22skzmqfdWrjJylampe0kt
Stereo Hearts (feat. Adam Levine),"Gym Class Heroes, Adam Levine",4IJczjB0fJ04gs4uvP0Fli,0qOnSQQF0yzuPWsXrQ9paz
Dusk Till Dawn (feat. Sia) - Radio Edit,"ZAYN, Sia",5ZsFI1h6hIdQRw2ti0hz81,3e7sxremeOE3wTySiOhGiP
Bad Liar,Imagine Dragons,53XhwfbYqKCa1cC15pYq2q,2RSHsoi04658QL5xgQVov3
FRIENDS,"Marshmello, Anne-Marie",64KEffDW9EtZ1y2vBYgq8T,08bNPGLD8AhKpnnERrAc6G
Treat You Better,Shawn Mendes,7n2wHs1TKAczGzO7Dd2rGr,3QGsuHI8jO1Rx4JWLUh9jd
Love The Way You Lie,"Eminem, Rihanna",7dGJo4pcD2V6oG8kP0tJRR,15JINEqzVMv3SvJTAXAKED
Wolves,"Selena Gomez, Marshmello",0C8ZW7ezQVs4URX5aX7Kqx,0tBbt8CrmxbjRP0pueQkyU
Se√±orita,"Shawn Mendes, Camila Cabello",7n2wHs1TKAczGzO7Dd2rGr,6v3KW9xbzN5yKLt9YKDYA2
No Lie,"Sean Paul, Dua Lipa",3Isy6kedDrgPYoTS1dazA9,48QmG1dfvMuYLxMPt7KSRA
Whatever It Takes,Imagine Dragons,53XhwfbYqKCa1cC15pYq2q,6Qn5zhYkTa37e91HC1D7lb
Falling,Trevor Daniel,7uaIm6Pw7xplS8Dy06V6pT,0Aqi7ArnBrGblW5T6p2jmD
Hymn for the Weekend,Coldplay,4gzpq5DPGxSnKTe4SA8HAU,3RiPr603aXAoi4GHyXx0uy
Counting Stars,OneRepublic,5Pwc4xIPtQLFEnJriah9YJ,2tpWsVSb9UEmDRxAl1zhX1
Rockabye (feat. Sean Paul & Anne-Marie),"Clean Bandit, Sean Paul, Anne-Marie",6MDME20pz9RveH9rEXvrOM,2hrUO4drrO63i7FYbCLBl2
Something Just Like This,"The Chainsmokers, Coldplay",69GGBxA162lTqCwzJG5jLp,6RUKPb4LETWmmr3iAEQktW
Perfect,Ed Sheeran,6eUKZXaKkcviH0Ku9w2n3V,0tgVpDi06FyKpA1z0VMD4v
Attention,Charlie Puth,6VuMaDnrHyPL1p4EHjYLi7,5cF0dROlMOK5uNZtivgu50
Symphony (feat. Zara Larsson),"Clean Bandit, Zara Larsson",6MDME20pz9RveH9rEXvrOM,72gv4zhNvRVdQA0eOenCal
Believer,Imagine Dragons,53XhwfbYqKCa1cC15pYq2q,0pqnGHJpmpxLKifKRmU6WP
The Greatest,Sia,5WUlDfRSoLAfcVSX1WnrxN,6bLopGnirdrilrpdVB6Um1
Thunder,Imagine Dragons,53XhwfbYqKCa1cC15pYq2q,1zB4vmk8tFRmM9UULNzbLB
Closer,"The Chainsmokers, Halsey",69GGBxA162lTqCwzJG5jLp,7BKLCZ1jbUBVqRi2FVlTVw
Let Me Love You,"DJ Snake, Justin Bieber",540vIaP2JwjQb9dm3aArA4,0lYBSQXN6rCTvUZvg9S0lU
See You Again (feat. Charlie Puth),"Wiz Khalifa, Charlie Puth",137W8MRPWKqSmrBGDBFSop,2JzZzZUQj3Qff7wapcbKjc
Maps,Maroon 5,04gDigrS5kc9YWfZHwBETP,4gbVRS8gloEluzf0GzDOFc
I Don‚Äôt Wanna Live Forever (Fifty Shades Darker),"ZAYN, Taylor Swift",06HL4z0CvFAxyc27GXpf02,55n9yjI6qqXh5F2mYvUc2y
Animals,Maroon 5,04gDigrS5kc9YWfZHwBETP,2bL2gyO6kBdLkNSkxXNh6x
Shape of You,Ed Sheeran,6eUKZXaKkcviH0Ku9w2n3V,7qiZfU4dY1lWllzX7mPBI3
Paris,The Chainsmokers,69GGBxA162lTqCwzJG5jLp,72jbDTw1piOOj770jWNeaG
The Middle,"Zedd, Maren Morris, Grey",2qxJFvFYMEDqd7ui6kSAcq,09IStsImFySgyp0pIQdqAc
Titanium (feat. Sia),"David Guetta, Sia",1Cs0zKBU1kc0i8ypK3B9ai,0lHAMNU8RGiIObScrsRgmP
"Take Me Home, Country Roads - Original Version",John Denver,7EK1bQADBoqbYXnT4Cqv9w,1YYhDizHx7PnDhAhko6cDS
Waiting for a Girl like You,Foreigner,6IRouO5mvvfcyxtPDKMYFN,2OgVsp77En2nju8pnCieVU
I Want to Know What Love Is - 1999 Remaster,Foreigner,6IRouO5mvvfcyxtPDKMYFN,1JLn8RhQzHz3qDqsChcmBl
As It Was,Harry Styles,6KImCVD70vtIoJWnq6nGn3,4Dvkj6JhhA12EX05fT7y2e
Viva La Vida,Coldplay,4gzpq5DPGxSnKTe4SA8HAU,1mea3bSkSGXuIRvnydlB5b
Take on Me,a-ha,2jzc5TC5TVFLXQlBNiIUzE,2WfaOiMkCvy7F5fcp2zZ8L
Bohemian Rhapsody,Queen,1dfeR4HaWDbWqFHLkxsg1d,3z8h0TU7ReDPLIbEnYhWZb
The Final Countdown,Europe,7Js6Lde8thlIHXggv2SCBz,3MrRksHupTVEQ7YbA0FsZK
Live Is Life,Opus,5pf1217gT8zcjOFc7oMi47,76pyWH7ZLr6q4kJZS3MmEE
Cheap Thrills,Sia,5WUlDfRSoLAfcVSX1WnrxN,27SdWb2rFzO6GWiYDBTD9j
We Who Lament,"Earthside, Keturah",6mRDRKsNautYuxybddnvgg,60YFo3TyBJ1nd2Flke5SYK
"Alone, Pt. II","Alan Walker, Ava Max",7vk5e3vY1uw9plTHJAMwjN,28VbwtsYnj85UEODGpQRem
I'm Good (Blue),"David Guetta, Bebe Rexha",1Cs0zKBU1kc0i8ypK3B9ai,4uUG5RXrOk84mYEfFvj3cK
Bones,Imagine Dragons,53XhwfbYqKCa1cC15pYq2q,54ipXppHLA8U4yqpOFTUhr
Demons,Imagine Dragons,53XhwfbYqKCa1cC15pYq2q,5qaEfEh1AtSdrdrByCP7qR
Something Just Like This,"The Chainsmokers, Coldplay",69GGBxA162lTqCwzJG5jLp,6RUKPb4LETWmmr3iAEQktW
A Sky Full of Stars,Coldplay,4gzpq5DPGxSnKTe4SA8HAU,0FDzzruyVECATHXKHFs9eJ
Hips Don't Lie (feat. Wyclef Jean),"Shakira, Wyclef Jean",0EmeFodog0BfCgMzAIvKQp,3ZFTkvIE7kyPt6Nu3PEa7V
Wavin' Flag - Coca-Cola¬Æ Celebration Mix,K'NAAN,7pGyQZx9thVa8GxMBeXscB,4nOygULhEuDO5ZBRNPFaso
Time of Our Lives,Chawki,79b2ipSR68Uf9EzA438KZt,1OPLF48hCfqeEjlFP3e8xX
The Nights,Avicii,1vCWHaC5f2uS3yhpwWbIA6,0ct6r3EGTcMLPtrXHDvVjc
Hall of Fame (feat. will.i.am),"The Script, will.i.am",3AQRLZ9PuTAozP28Skbq8V,7wMq5n8mYSKlQIGECKUgTX
Hotel California - 2013 Remaster,Eagles,0ECwFtbIWEVNwjlrfc6xoL,40riOy7x9W7GXjyGp4pjAv
Laid to Rest,Lamb of God,3JFsVIxOn7STeilPICkkB2,1yc53HK08sDab7PDFgnLWk
Are You Dead Yet?,Children Of Bodom,1xUhNgw4eJDZfvumIpcz1B,52s05aBQd2LVc6EWIQCQI1
Breaking the Law,Judas Priest,2tRsMl4eGxwoNabM08Dm4I,2RaA6kIcvomt77qlIgGhCT
Holy Wars...The Punishment Due - 2004 Remix,Megadeth,1Yox196W7bzVNZI7RBaPnf,5LyRtsQLhcXmy50VXhQXXS
Symphony Of Destruction - Remastered 2012,Megadeth,1Yox196W7bzVNZI7RBaPnf,5mR858YsHYG761aUqZoGkD
Painkiller,Judas Priest,2tRsMl4eGxwoNabM08Dm4I,0L7zm6afBEtrNKo6C6Gj08
Cowboys from Hell,Pantera,14pVkFUHDL207LzLHtSA18,2SgbR6ttzoNlCRGQOKjrop
Heaven and Hell - 2008 Remaster,Black Sabbath,5M52tdBnJaKSvOpJGz8mfZ,3Jl5GohfNwozDmpzmQBLDI
Raining Blood,Slayer,1IQ2e1buppatiN1bxUVkrk,01Mpj13vURSO3cCLprPt5T
Pull Me Under,Dream Theater,2aaLAng2L2aWD2FClzwiep,5CPXR6lDTvngxtmMZxnWmC
Bleed,Meshuggah,3ggwAqZD3lyT2sbovlmfQY,4E6wpXABj8XosZEPXZz2OK
Paranoid - 2012 - Remaster,Black Sabbath,5M52tdBnJaKSvOpJGz8mfZ,1Y373MqadDRtclJNdnUXVc
Flying Whales,Gojira,0GDGKpJFhVpcjIGF8N6Ewt,5OjCsHeByDYEGxMrb1z8KQ
Blood and Thunder,Mastodon,1Dvfqq39HxvCJ3GvfeIFuT,3jagGO7eHHuaD53ibehkux
Voice of the Soul,Death,4f5V3PQ66nIrBCqugJtaGn,69Yia3qCLw6N9U80WhLwLn
Ghost of Perdition,Opeth,0ybFZ2Ab08V8hueghSXm6E,0ppdt8zRZOHIKh4ZDB0Zp9
Psychosocial,Slipknot,05fG473iIaoy82BF1aGhL8,3RAFcUBrCNaboRXoP3S5t1
In Waves,Trivium,278ZYwGhdK6QTzE3MFePnP,1yYr4D1KjhhyDD5bZIiFQy
Blackwater Park,Opeth,0ybFZ2Ab08V8hueghSXm6E,7IDQX9EUgMNQTgYcZSpO1d
As I Am,Dream Theater,2aaLAng2L2aWD2FClzwiep,6hz6lrQtLcxOOjflnYjF9o
Needled 24 / 7,Children Of Bodom,1xUhNgw4eJDZfvumIpcz1B,1aKrYw2i1mWRPMOUUe3dT8
Hail to the King,Avenged Sevenfold,0nmQIMXWTXfhgOBdNzhGOs,5anCkDvJ17aznvK5TED5uo
Toxicity,System Of A Down,5eAWCfyUhZtHHtBdNk56l1,0snQkGI5qnAmohLE7jTsTn
Schism,TOOL,2yEwvVSSSUkcLeSTNyHKh8,55mJleti2WfWEFNFcBduhc
B.Y.O.B.,System Of A Down,5eAWCfyUhZtHHtBdNk56l1,0EYOdF5FCkgOJJla8DI2Md
Nightmare,Avenged Sevenfold,0nmQIMXWTXfhgOBdNzhGOs,4UEo1b0wWrtHMC8bVqPiH8
Through the Fire and Flames,DragonForce,2pH3wEn4eYlMMIIQyKPbVR,6nnacTL5on2aVsRhVDNUSo
Killing In The Name,Rage Against The Machine,2d0hyoQ5ynDBnkvAbJKORj,59WN2psjkt1tyaxjspN8fp
Cirice,Ghost,1Qp56T7n950O3EGMsSl81D,3ZXZ9RMsznqgyHnyq0K5FL
Welcome To The Jungle,Guns N' Roses,3qm84nBOXUEQ2vnTfUTTFC,0G21yYKMZoHa30cYVi1iA8
Rock You Like A Hurricane,Scorpions,27T030eWyCQRmDyuvr1kxY,58XWGx7KNNkKneHdprcprX
The Pot,TOOL,2yEwvVSSSUkcLeSTNyHKh8,1lATXTBJDHwawvT1UfxWu3
To Hell and Back,Sabaton,3o2dn2O0FCVsWDFSh8qxgG,1BrgjqSg9du0lj3TUMLluL
Duality,Slipknot,05fG473iIaoy82BF1aGhL8,61mWefnWQOLf90gepjOCb3
The Trooper (2015 Remaster),Iron Maiden,6mdiAmATAx73kdxrNrnlao,2C3B3dva983HPMojFqWLOp
Walk,Pantera,14pVkFUHDL207LzLHtSA18,7fcfNW0XxTWlwVlftzfDOR
In the End,Linkin Park,6XyY86QOPPrYVGvF9ch6wz,60a0Rd6pjrkxjPbaKzXjfq
Numb,Linkin Park,6XyY86QOPPrYVGvF9ch6wz,2nLtzopw4rPReszdYBJU6h
Wake Me Up,Avicii,1vCWHaC5f2uS3yhpwWbIA6,0nrRP2bk19rLc0orkWPQk2
I Want It That Way,Backstreet Boys,5rSXSAkZ67PYJSvpUpkOr7,47BBI51FKFwOMlIiX6m8ya
Back In Black,AC/DC,711MCceyCBcFnzjGY4Q7Un,08mG3Y1vljYA6bvDt4Wqkj
Sweet Child O' Mine,Guns N' Roses,3qm84nBOXUEQ2vnTfUTTFC,7snQQk1zcKl8gZ92AnueZW
Zombie,The Cranberries,7t0rwkOPGlDPEhaOcVtOt9,7EZC6E7UjZe63f1jRmkWxt
You Give Love A Bad Name,Bon Jovi,58lV9VcRSjABbAbfWS6skp,0rmGAIH9LNJewFw7nKzZnc
Pablo Sandhanam - Background Score,Anirudh Ravichander,4zCH9qm4R2DADamUHMCa6O,5iUbq311UD3MZYmfi2a1Ob
Wait and Bleed,Slipknot,05fG473iIaoy82BF1aGhL8,2gscB6kDOmrv1P6qs2KXE3
Sugar,System Of A Down,5eAWCfyUhZtHHtBdNk56l1,31RTFPrB7wmYBhlkM2ILXG
Unsainted,Slipknot,05fG473iIaoy82BF1aGhL8,5mpUKTdskZea0gStWzeHUZ
TIRED OF PROBLEMS,"NUEKI, TOLCHONOV, glichery",1nccv1GNVkBdvsYi2FB5FB,5L7h1PCOF5lrX3e3v8sJAx
Cornfield Chase,Hans Zimmer,0YC192cP3KPCRWx8zr8MfZ,6pWgRkpqVfxnj3WuIcJ7WP
No Time for Caution,Hans Zimmer,0YC192cP3KPCRWx8zr8MfZ,5aaXqH8rgKZxg61HjECldi
Mountains,Hans Zimmer,0YC192cP3KPCRWx8zr8MfZ,0Sg3UL7f40ulmTh0Xwr6qY
Organ Variation,Hans Zimmer,0YC192cP3KPCRWx8zr8MfZ,6dkJvNZ7DJWzTFXv3KHmoT
Seven Nation Army,The White Stripes,4F84IBURUo98rz4r61KF70,3dPQuX8Gs42Y7b454ybpMR
Thunderstruck,AC/DC,711MCceyCBcFnzjGY4Q7Un,57bgtoPSgt236HzfBOd8kj
Beat It,Michael Jackson,3fMbdgg4jU18AjLCKBhRSm,3BovdzfaX4jb5KFQwoPfAw
Last Resort,Papa Roach,4RddZ3iHvSpGV4dvATac9X,5W8YXBz9MTIDyrpYaCg2Ky
21 Guns,Green Day,7oPftvlwr6VrsViSDV7fJY,64yrDBpcdwEdNY9loyEGbX
Pumped Up Kicks,Foster The People,7gP3bB2nilZXLfPHJhMdvc,7w87IxuO7BDcJ3YUqCyMTT
Africa,TOTO,0PFtn5NtBbbUNbU9EAmIWF,2374M0fQpWi3dLnB54qaLX
Wake Me up When September Ends,Green Day,7oPftvlwr6VrsViSDV7fJY,3ZffCQKLFLUvYM59XKLbVm
Immigrant Song - Remaster,Led Zeppelin,36QJpDe2go2KgaRleHCDTp,78lgmZwycJ3nzsdgmPPGNx
American Idiot,Green Day,7oPftvlwr6VrsViSDV7fJY,6nTiIhLmQ3FWhvrGafw2zj
Shut Up and Dance,WALK THE MOON,6DIS6PRrLS3wbnZsf7vYic,4kbj5MwxO1bq9wjT5g9HaA
Summer Of '69,Bryan Adams,3Z02hBLubJxuFJfhacLSDc,0GONea6G2XdnHWjNZd6zt3
The Sound of Silence,Disturbed,3TOqt5oJwL9BE2NG9MEwDa,0eZBeB2xFIS65jQHerispi
November Rain,Guns N' Roses,3qm84nBOXUEQ2vnTfUTTFC,3YRCqOhFifThpSRFJ1VWFM
Knockin' On Heaven's Door,Guns N' Roses,3qm84nBOXUEQ2vnTfUTTFC,4JiEyzf0Md7KEFFGWDDdCr
Sweet Home Alabama,Lynyrd Skynyrd,4MVyzYMgTwdP7Z49wAZHx0,7e89621JPkKaeDSTQ3avtg
You Shook Me All Night Long,AC/DC,711MCceyCBcFnzjGY4Q7Un,2SiXAy7TuUkycRVbbWDEpo
Smooth Criminal - 2012 Remaster,Michael Jackson,3fMbdgg4jU18AjLCKBhRSm,5T7ywazdGIydr6JCW6t02j
Snow (Hey Oh),Red Hot Chili Peppers,0L8ExT028jH3ddEcZwqJJ5,2aibwv5hGXSgw7Yru8IYTO
"You're Gonna Go Far, Kid",The Offspring,5LfGQac0EIXyAN8aUwmNAQ,6TfBA04WJ3X1d1wXhaCFVT
Mr. Brightside,The Killers,0C0XlULifJtAgn6ZNCW2eu,003vvx7Niy0yvhvHt4a68B
Highway to Hell,AC/DC,711MCceyCBcFnzjGY4Q7Un,2zYzyRzz6pRmhPzyfMEC8s
Centuries,Fall Out Boy,4UXqAaa6dQYAk18Lv7PEgX,04aAxqtGp5pv12UXAg4pkq
It's My Life,Bon Jovi,58lV9VcRSjABbAbfWS6skp,0v1XpBHnsbkCn7iJ9Ucr1l
Toss A Coin To Your Witcher,"Sonya Belousova, Giona Ostinelli, Joey Batey",0JnNzCUsHuDcUcBatOzuGP,2KMLGJ1mPfRE4GNdL92rl3
Sleepwalking,The Chain Gang Of 1974,0LyfQWJT6nXafLPZqxe9Of,0j4mJiFv3L87bl9X5MPMsm
Paint The Town Red,Doja Cat,5cj0lLjcoR7YOSnhnX0Po5,2IGMVunIBsBLtEQyoI1Mu7
Houdini,Dua Lipa,6M2wZ9GZgrQXHCFfjv46we,4OMJGnvZfDvsePyCwRGO7X
Levitating,Dua Lipa,6M2wZ9GZgrQXHCFfjv46we,39LLxExYz6ewLAcYrzQQyP
Sweet Victory,"David Glen Eisley, Bob Kulick",7iAUZj65TsyjfcvprSYb9w,287pDdRjRYf7sd84fzupQo
Free Bird - Edit,Lynyrd Skynyrd,0LyfQWJT6nXafLPZqxe9Of,4D65zMx01EirTnqzJMJ9PF
All Day and All of the Night,The Kinks,1SQRv42e4PjEYfPhS0Tk9E,78JmElAFmrPNhLjovDR9Jm
Trndsttr,"Black Coast, M. Maggie",4JMdvZoXArDVuMNNelKmjo,4j2NMbqTSjcWgcAS70N4oD
Run Boy Run,Woodkid,44TGR1CzjKBxSHsSEy7bi9,0boS4e6uXwp3zAvz1mLxZS
Dog Days Are Over,Florence + The Machine,1moxjboGR7GNWYIMWsRjgG,1YLJVmuzeM2YSUkCCaTNUB
Eye For an Eye,Rina Sawayama,75fIuwXxhZ1atNzWLMrgF0,1hRrievgkY2btSO22ijJnB
Bitter Sweet Symphony - Remastered 2016,The Verve,2cGwlqi3k18jFpUyTrsR84,57iDDD9N9tTWe75x6qhStw
Disintegration - 2010 Remaster,The Cure,7bu3H8JO7d0UbMoVzbo70s,0zY8t5dC1KQXcPUKByWMJM
Rasputin,Boney M.,54R6Y0I7jGUCveDTtI21nb,5jkFvD4UJrmdoezzT1FRoP
Monster,Skillet,49bzE5vRBRIota4qeHtQM8,2UREu1Y8CO4jXkbvqAtP7g
Done for Me (feat. Kehlani),"Charlie Puth, Kehlani",6VuMaDnrHyPL1p4EHjYLi7,1lsBTdE6MGsKeZCD6llNu7
Die For You,The Weeknd,1Xyo4u8uXC1ZmMpatF05PJ,2Ch7LmS7r2Gy2kc64wv3Bz
Shankara,Hilight Tribe,62RdOEwjfXjFOQpKdufMR7,3ChrN5yqI2YE6eAMMfvDs1
MONEY,LISA,5L1lO4eRHmJ7a0Q6csE5cT,45OX2jjEw1l7lOFJfDP9fv
INDUSTRY BABY (feat. Jack Harlow),"Lil Nas X, Jack Harlow",7jVv8c5Fj3E9VhNjxT4snq,27NovPIUIRrOZoCHxABJwK
Follow,"Martin Garrix, Zedd",60d24wfXkVzDSfLS6hyCjZ,5aXTfpNOqLj35ydEiLio67
Beggin (original version),Madcon,6c4sUNBgdonFJz8Kx2VsGz,1XyL3J7eTTKnxRZAM3LqIT
Wrong,Depeche Mode,762310PdDnwsDxAQxzQkfX,1EpjMVaoloW4sLIdfVD6P8
Alors on danse - Radio Edit,Stromae,5j4HeCoUlzhfWtjAfM1acR,2GYHyAoLWpkxLVa4oYTVko
Beautiful Alien (feat. AI AM) - Radio Edit,"Darude, AI AM",0LhHRmSd1EYM5QdNeNnCoQ,0a2TKGBIXhDpKhxJXq0iBs
Mambo No. 5 (a Little Bit of...),Lou Bega,46lnlnlU0dXTDpoAUmH6Qx,6x4tKaOzfNJpEJHySoiJcs
Give It Up,KC & The Sunshine Band,3mQBpAOMWYqAZyxtyeo4Lo,3yDhZq8f17SmumVmEyCaRN
Bad Boys (Theme from COPS),Inner Circle,5os0Ltvz8Q8BvXOPOd1frx,0qeKzbUsW0V4ZWRJrHNiD3
Johnny B. Goode,Chuck Berry,293zczrfYafIItmnmM3coR,2QfiRTz5Yc8DdShCxG1tB2
Bonfire,Knife Party,2DuJi13MWHjRHrqRUwk8vH,0QIYINh2AwmOmdu8CRYvlw
Flashback,Calvin Harris,7CajNmpbOovFoOoasH2HaY,6A8llSO9QFF4djCCmuCrNu
Empire State Of Mind,"JAY-Z, Alicia Keys",3nFkdlSjzX9mRTtwJOzDYB,2igwFfvr1OAGX9SKDCPBwO
Hotter Than Hell,Dua Lipa,6M2wZ9GZgrQXHCFfjv46we,5eTNdkstwKaNahHf41fJ9u
Blow Your Mind (Mwah),Dua Lipa,6M2wZ9GZgrQXHCFfjv46we,7kJlTKjNZVT26iwiDUVhRm
Life is a Highway,Rascal Flatts,0LyfQWJT6nXafLPZqxe9Of,5gB2IrxOCX2j9bMnHKP38i
Love The Way You Lie,"Eminem, Rihanna",7dGJo4pcD2V6oG8kP0tJRR,6UaRii9AH6Zss9xNMEQ2M9
2 MUCH (feat. 24hrs),"Flosstradamus, 24hrs",2FmzVitXZjIkFolH8HXd4j,6jtNk2zqbiZ9S7l6Gcp78A
Really Love (feat. Craig David & Digital Farm Animals),"KSI, Digital Farm Animals, Craig David",1nzgtKYFckznkcVMR3Gg4z,55RHkhHFQBUCEFVHoWwtFo
Fortunate Son,Creedence Clearwater Revival,3IYUhFvPQItj6xySrBmZkd,4BP3uh0hFLFRb5cjsgLqDh
Way down We Go,KALEO,7jdFEYD2LTYjfwxOdlVjmc,0y1QJc3SJVPKJ1OvFmFqe6
Astronaut In The Ocean,Masked Wolf,1uU7g3DNSbsu0QjSEqZtEd,0BGwAKW4u8kWOhWFflZxfl
Boss Bitch,Doja Cat,5cj0lLjcoR7YOSnhnX0Po5,78qd8dvwea0Gosb6Fe6j3k
Cotton Eye Joe,Rednex,22Zqu1yyebVnbve8FxbJ2g,06hsdMbBxWGqBO0TV0Zrkf
Smells Like Teen Spirit,Nirvana,6olE6TJLqED3rqDCT0FyPh,1f3yAtsJtY87CTmM8RLnxf
D√©j√†-Vu,"Timmy Trumpet, Savage",0CbeG1224FS58EUx4tPevZ,0swsqLCM1j5gdzFLtu2xQt
"Tokyo Drift (Fast & Furious) - From ""The Fast And The Furious: Tokyo Drift"" Soundtrack",Teriyaki Boyz,7HBai5xymOxIWoMWvWshe1,0upFohXrGxIIAjyaJmCkMU
Waterloo,ABBA,0LcJLqbBmaGUft1e9Mm8HV,0RzhMHIsFMbOGh0oWDvNNK
Starman - 2012 Remaster,David Bowie,0oSGxfWSnnOXhD2fKuz2Gy,0pQskrTITgmCMyr85tb9qq
Scatman (ski-ba-bop-ba-dop-bop),Scatman John,4omQQTNN7ILiMsSB2k9eqX,623rRTKwGmgjH6sjE9uWLh
Lean On,"Major Lazer, M√ò, DJ Snake",738wLrAtLtCtFOLvQBXOXp,5wldXGLEOoRXxMWJ8rIUWE
Strangers Do,Jonas Aden,1qq5e02CcWNFqZMbmdrIcj,4PQg6FbToTzRnN9pgxf9B9
V,Marcin Przyby≈Çowicz,07vycW8ICLf5hKb22PFWXw,2u1FWVxAb16qbgwPgygAdj
Chop Suey!,System Of A Down,5eAWCfyUhZtHHtBdNk56l1,2DlHlPMa4M17kufBvI2lEN
Bottom Of The Deep Blue Sea,MISSIO,2HOMW1liAxI3URnEq95SMS,6AvslIXIi9iaGvukefyVVK
Orinoco Flow,Enya,6uothxMWeLWIhsGeF7cyo4,14EUcXXpqrC03Dzzdj8bGr
Love Me Again,John Newman,34v5MVKeQnIo0CWYMbbrPf,5sZAcPQEriLrwpdIy5B2CH
Sandstorm,Darude,0LhHRmSd1EYM5QdNeNnCoQ,6Sy9BUbgFse0n0LPA5lwy5
Stressed Out,Twenty One Pilots,3YQKmKGau1PzlVlkL1iodx,3CRDbSIZ4r5MsZ0YwxuEkn
Plastic Heart,"Nostalghia, Tyler Bates, Joel J. Richard",75fIuwXxhZ1atNzWLMrgF0,7EPbzLbSzg9d94LZ9MnKFA
Old Town Road,Lil Nas X,7jVv8c5Fj3E9VhNjxT4snq,53CJANUxooaqGOtdsBTh7O
Baby Blue - Remastered 2010,Badfinger,4pJCawaKSZ40EnxN0YEYw3,6S3JlDAGk3uu3NtZbPnuhS
Dance Off (feat. Idris Elba & Anderson .Paak),"Macklemore & Ryan Lewis, Macklemore, Ryan Lewis, Idris Elba, Anderson .Paak",5BcAKTbp20cv7tC5VqPFoC,7pDxNYVQLKzrbkCe8OCag3
Heathens,Twenty One Pilots,3YQKmKGau1PzlVlkL1iodx,6i0V12jOa3mr6uu4WYhUBr
Enter Sandman (Remastered),Metallica,2ye2Wgw4gimLv2eAKyk1NB,3VqHuw0wFlIHcIPWkhIbdQ
Play with Fire (feat. Yacht Money),"Sam Tinnesz, Yacht Money",70TsVY28EcEUYSGG5Yw7mp,7vguMCv8uVuZLiQJ156u3Z
Ain't No Rest for the Wicked,Cage The Elephant,26T3LtbuGT1Fu9m0eRq5X3,3Pzh926pXggbMe2ZpXyMV7
Temperature,Sean Paul,3Isy6kedDrgPYoTS1dazA9,0k2GOhqsrxDTAbFFSdNJjT
Yellow,Coldplay,4gzpq5DPGxSnKTe4SA8HAU,3AJwUDP919kvQ9QcozQPxg
Levitating (feat. DaBaby),"Dua Lipa, DaBaby",6M2wZ9GZgrQXHCFfjv46we,5nujrmhLynf4yMoMtj8AQF
One Kiss (with Dua Lipa),"Calvin Harris, Dua Lipa",7CajNmpbOovFoOoasH2HaY,7ef4DlsgrMEH11cDZd32M6
Don't Start Now,Dua Lipa,6M2wZ9GZgrQXHCFfjv46we,3PfIrDoz19wz7qK7tYeu62
New Rules,Dua Lipa,6M2wZ9GZgrQXHCFfjv46we,2xJCMIJfcNYDc5iR0sAm2O
Flowers,Miley Cyrus,5YGY8feqx7naU7z4HrwZM6,7DSAEUvxU8FajXtRloy8M0
Lose Yourself,Eminem,0LyfQWJT6nXafLPZqxe9Of,7MJQ9Nfxzh8LPZ9e9u68Fq
Not Afraid,Eminem,7dGJo4pcD2V6oG8kP0tJRR,7Ie9W94M7OjPoZVV216Xus
Lose Yourself,Eminem,7dGJo4pcD2V6oG8kP0tJRR,1v7L65Lzy0j0vdpRjJewt1
"Freed From Desire - prod. Molella, Phil Jay","Gala, Molella, Phil Jay",3OqTvcWgb0xaainosGVvuZ,3u5N55tHf7hXATSQrjBh2q
Nothing Else Matters,Metallica,2ye2Wgw4gimLv2eAKyk1NB,0nLiqZ6A27jJri2VCalIUs
Enter Sandman,Metallica,2ye2Wgw4gimLv2eAKyk1NB,5sICkBXVmaCQk5aISGR3x1
Adventure of a Lifetime,Coldplay,4gzpq5DPGxSnKTe4SA8HAU,69uxyAqqPIsUyTO8txoP2M
A Head Full of Dreams,Coldplay,4gzpq5DPGxSnKTe4SA8HAU,6f49kbOuQSOsStBpyGvQfA
Biutyful,Coldplay,4gzpq5DPGxSnKTe4SA8HAU,2L2mM3rEO3arNIMQnb3dou
Champion Of The World,Coldplay,4gzpq5DPGxSnKTe4SA8HAU,6mf7BNgXs8JipPr2QILnyN
Charlie Brown,Coldplay,4gzpq5DPGxSnKTe4SA8HAU,1yqMgZNrevsWMLWfO2PRp5
Clocks,Coldplay,4gzpq5DPGxSnKTe4SA8HAU,0BCPKOYdS2jbQ8iyB56Zns
Coloratura,Coldplay,4gzpq5DPGxSnKTe4SA8HAU,0jH7gF7KCk2Lom9gimaKms
Cry Cry Cry,Coldplay,4gzpq5DPGxSnKTe4SA8HAU,4Kwhm5VU4huxmQtBqd1AXo
Daddy,Coldplay,4gzpq5DPGxSnKTe4SA8HAU,3nbFvropl2lgg6X3DAnkgf
Don't Panic,Coldplay,4gzpq5DPGxSnKTe4SA8HAU,2QhURnm7mQDxBb5jWkbDug
Everyday Life,Coldplay,4gzpq5DPGxSnKTe4SA8HAU,0h9fnCSnbUgOEgibnQByFv
Everglow,Coldplay,4gzpq5DPGxSnKTe4SA8HAU,5qfZRNjt2TkHEL12r3sDEU
Every Teardrop Is a Waterfall,Coldplay,4gzpq5DPGxSnKTe4SA8HAU,2U8g9wVcUu9wsg6i7sFSv8
Everything's Not Lost - Includes Hidden Track 'Life Is For Living',Coldplay,4gzpq5DPGxSnKTe4SA8HAU,1RNtm45kw0hPMBz7gKiIYu
Fix You,Coldplay,4gzpq5DPGxSnKTe4SA8HAU,7LVHVU3tWfcxj5aiPFEW4Q
God Put a Smile upon Your Face,Coldplay,4gzpq5DPGxSnKTe4SA8HAU,4hf0hL4kWyjWztZzVsM39V
Gravity,Coldplay,4gzpq5DPGxSnKTe4SA8HAU,44LVgFZvUcBYo98vy71tvd
Green Eyes,Coldplay,4gzpq5DPGxSnKTe4SA8HAU,3ou9rSNUQnE7XYmJkUUIOc
Higher Power,Coldplay,4gzpq5DPGxSnKTe4SA8HAU,65OR4ywy8Cgs3FDHK82Idl
Humankind,Coldplay,4gzpq5DPGxSnKTe4SA8HAU,23BO6YozrAXUta1buxFZ80
‚ôæ,Coldplay,4gzpq5DPGxSnKTe4SA8HAU,2wleRXcIPqltoDPLMH5WDa
In My Place,Coldplay,4gzpq5DPGxSnKTe4SA8HAU,2nvC4i2aMo4CzRjRflysah
Let Somebody Go,"Coldplay, Selena Gomez",4gzpq5DPGxSnKTe4SA8HAU,4cGqn0E8JCSY9gQllQj4Mf
Magic,Coldplay,4gzpq5DPGxSnKTe4SA8HAU,23khhseCLQqVMCIT1WMAns
Midnight,Coldplay,4gzpq5DPGxSnKTe4SA8HAU,4GKk1uNzpxIptBuaY97Dkj
ü™ê,Coldplay,4gzpq5DPGxSnKTe4SA8HAU,1a3G9SNslcKsPAOuIikaxd
My Universe,"Coldplay, BTS",4gzpq5DPGxSnKTe4SA8HAU,46HNZY1i7O6jwTA7Slo2PI
O,Coldplay,4gzpq5DPGxSnKTe4SA8HAU,77yuzxCS3csrgTPSW0pvyk
Orphans,Coldplay,4gzpq5DPGxSnKTe4SA8HAU,6YQlCOZnlFmqeciAh58fDE
Paradise,Coldplay,4gzpq5DPGxSnKTe4SA8HAU,6nek1Nin9q48AVZcWs9e9D
People of The Pride,Coldplay,4gzpq5DPGxSnKTe4SA8HAU,5ophZLHA9mwSZhQSmboyDN
Politik,Coldplay,4gzpq5DPGxSnKTe4SA8HAU,0u35Dpz37TY2M2j20RUdMf
The Scientist,Coldplay,4gzpq5DPGxSnKTe4SA8HAU,75JFxkI2RXiU7L9VXzMkle
Shiver,Coldplay,4gzpq5DPGxSnKTe4SA8HAU,0qksx8mV28lztYIZ1om8ml
Something Just Like This,"The Chainsmokers, Coldplay",69GGBxA162lTqCwzJG5jLp,1dNIEtp7AY3oDAKCGg2XkH
Sparks,Coldplay,4gzpq5DPGxSnKTe4SA8HAU,7D0RhFcb3CrfPuTJ0obrod
Speed of Sound,Coldplay,4gzpq5DPGxSnKTe4SA8HAU,7clUVcSOtkNWa58Gw5RfD4
Strawberry Swing,Coldplay,4gzpq5DPGxSnKTe4SA8HAU,6yswG61G9VemCfy7kh5gub
Sunrise,Coldplay,4gzpq5DPGxSnKTe4SA8HAU,6Tb7Zfo4PcSiS4TqQ4NnTh
Swallowed in the Sea,Coldplay,4gzpq5DPGxSnKTe4SA8HAU,2u2WL5N3KnQnykOZi3fxL6
The Hardest Part,Coldplay,4gzpq5DPGxSnKTe4SA8HAU,4Tw9JYF9HOuPRyccNWMgwf
Til Kingdom Come,Coldplay,4gzpq5DPGxSnKTe4SA8HAU,1wQXj5bgxyZQ2XmE2X9s6n
Trouble,Coldplay,4gzpq5DPGxSnKTe4SA8HAU,0R8P9KfGJCDULmlEoBagcO
Up&Up,Coldplay,4gzpq5DPGxSnKTe4SA8HAU,31L9yLXSj6LpCFupyMV6CR
Us Against the World,Coldplay,4gzpq5DPGxSnKTe4SA8HAU,5zyfzNnBzN7f7PVkJFnW2g
Violet Hill,Coldplay,4gzpq5DPGxSnKTe4SA8HAU,2wToK3W4tScxgpAinchUYf
Vossi Bop,Stormzy,2SrSdSvpminqmStGELCSNd,44ZJ4hLD5onikKsVLQaILr
"Take Me Back To London (Sir Spyro Remix) [feat. Stormzy, Jaykae & Aitch]","Ed Sheeran, Jaykae, Aitch, Stormzy, Sir Spyro",6eUKZXaKkcviH0Ku9w2n3V,4iYxrnTvYsTtyphOTqTvkh
Clean Up,"Chunkz, Yung Filly",3Lpx3ZSrsLeaVD9zKtGPiG,3v8Se9R6aP801DPHQiahED
I Dunno (feat. Dutchavelli & Stormzy),"Tion Wayne, dutchavelli, Stormzy",7b79bQFziJFedJb75k6hFt,3B0WbRucJ6ZIla2G9IVt2E
Houdini (feat. Swarmz & Tion Wayne),"KSI, Swarmz, Tion Wayne",1nzgtKYFckznkcVMR3Gg4z,3lay6f81Lhy0qp2Uvp4cNJ
Taste (Make It Shake),Aitch,2PJEagPIxaBugeMjIyKVXF,3evfXgwjSY5zuFxAHjMW5S
30,Aitch,2PJEagPIxaBugeMjIyKVXF,2LINywqqovb1DSYV4k4bNE
Rover (feat. DTG),"S1mba, DTG",71jSVPQ6yskfyvWeiwvT5s,4slSrbTK1sNK4I1mDYEthf
Rain,"Aitch, AJ Tracey, Tay Keith",2PJEagPIxaBugeMjIyKVXF,5LBikzSkad9yQ6RH87Gdrm
Freaky (feat. Poundz & Dappy),"Swarmz, Poundz, Dappy",2yPprAQlrIQWu60g09B9MZ,5yXPiEReqyIdDf3BviDNjz
Safe To Say,Aitch,2PJEagPIxaBugeMjIyKVXF,5oMref8zWe18ohL4JJ9N2P
Strike a Pose (feat. Aitch),"Young T & Bugsey, Aitch",6M6XXCcO5gI68XpIlrUL3Z,23GvTfcGK454ppLsts3W44
MICE,Aitch,2PJEagPIxaBugeMjIyKVXF,7CT7P8PxTxM4rI0AvsEKjW
Confidence,"Yung Filly, Chunkz, Geko",3OEJ7D4RwbnNFuG9JczKEa,3Xz3WUs8VPng3L8BRnB6Hs
Hold,"Chunkz, Yung Filly",3Lpx3ZSrsLeaVD9zKtGPiG,7vNuWM68PF5O5rBWtWXvnl
"Body (Remix) [feat. ArrDee, E1 (3x3), ZT (3x3), Bugzy Malone, Buni, Fivio Foreign & Darkoo]","Tion Wayne, Russ Millions, ArrDee, E1 (3x3), ZT (3x3), Bugzy Malone, Buni, Fivio Foreign, Darkoo",7b79bQFziJFedJb75k6hFt,6uvMKqNlrSvcC4NaKnrwjZ
Legend Has It,Run The Jewels,4RnBFZRiMLRyZy0AzzTg2C,4RnfMhMUMqHlrn4V6A3KfS
Heartless,The Weeknd,1Xyo4u8uXC1ZmMpatF05PJ,57vxBYXtHMk6H1aD29V7PU
Blinding Lights,The Weeknd,1Xyo4u8uXC1ZmMpatF05PJ,0sf12qNH5qcw8qpgymFOqD
Starboy,"The Weeknd, Daft Punk",1Xyo4u8uXC1ZmMpatF05PJ,7MXVkk9YMctZqd1Srtv4MB
Reminder,The Weeknd,1Xyo4u8uXC1ZmMpatF05PJ,37F0uwRSrdzkBiuj0D5UHI
Party Monster,The Weeknd,1Xyo4u8uXC1ZmMpatF05PJ,4F7A0DXBrmUAkp32uenhZt
Lights Up,Harry Styles,6KImCVD70vtIoJWnq6nGn3,4jAIqgrPjKLTY9Gbez25Qb
Watermelon Sugar,Harry Styles,6KImCVD70vtIoJWnq6nGn3,1e9oZCCiX42nJl0AcqriVo
Adore You,Harry Styles,6KImCVD70vtIoJWnq6nGn3,1M4qEo4HE3PRaCOM7EXNJq
HOLIDAY,Lil Nas X,7jVv8c5Fj3E9VhNjxT4snq,6zFMeegAMYQo0mt8rXtrli
Royals,Lorde,163tK9Wjr9P9DmM0AVK7lm,2dLLR6qlu5UJ5gk0dKz0h3
Somebody That I Used To Know,"Gotye, Kimbra",2AsusXITU8P25dlRNhcAbG,4wCmqSrbyCgxEXROQE6vtV
Ride,Twenty One Pilots,3YQKmKGau1PzlVlkL1iodx,2Z8WuEywRWYTKe1NybPQEW
Believer,Imagine Dragons,53XhwfbYqKCa1cC15pYq2q,0CcQNd8CINkwQfe1RDtGV6
Thunder,Imagine Dragons,53XhwfbYqKCa1cC15pYq2q,0tKcYR2II1VCQWT79i5NrW
Demons,Imagine Dragons,53XhwfbYqKCa1cC15pYq2q,2Oehrcv4Kov0SuIgWyQY9e
Natural,Imagine Dragons,53XhwfbYqKCa1cC15pYq2q,2FY7b99s15jUprqC0M5NCT
Whatever It Takes,Imagine Dragons,53XhwfbYqKCa1cC15pYq2q,4IWAyPf1KMq7JCyGeCjTeH
It's Time,Imagine Dragons,53XhwfbYqKCa1cC15pYq2q,3xqF04FdMK7gpIPG3SPFpY
On Top Of The World,Imagine Dragons,53XhwfbYqKCa1cC15pYq2q,4eLSCSELtKxZwXnFbNLXT5
Gold,Imagine Dragons,53XhwfbYqKCa1cC15pYq2q,1WQFOwtI6EfsvRz7wcDbQm
We Are Young (feat. Janelle Mon√°e),"fun., Janelle Mon√°e",5nCi3BB41mBaMH9gfr6Su0,7a86XRg84qjasly9f6bPSD
Shots,Imagine Dragons,53XhwfbYqKCa1cC15pYq2q,64MmobYNviePoiaINMrbMn
Radioactive,Imagine Dragons,53XhwfbYqKCa1cC15pYq2q,4G8gkOterJn0Ywt6uhqbhp
"Feels (feat. Pharrell Williams, Katy Perry & Big Sean)","Calvin Harris, Pharrell Williams, Katy Perry, Big Sean, Funk Wav",7CajNmpbOovFoOoasH2HaY,5bcTCxgc7xVfSaMV3RuVke
Sign of the Times,Harry Styles,6KImCVD70vtIoJWnq6nGn3,5Ohxk2dO5COHF1krpoPigN
Follow You,Imagine Dragons,53XhwfbYqKCa1cC15pYq2q,7FdUvDkaE24o3FPIWTvzv2
Roses,"The Chainsmokers, ROZES",69GGBxA162lTqCwzJG5jLp,3vv9phIu6Y1vX3jcqaGz5Z
All We Know,"The Chainsmokers, Phoebe Ryan",69GGBxA162lTqCwzJG5jLp,2rizacJSyD9S1IQUxUxnsK
Don't Let Me Down,"The Chainsmokers, Daya",69GGBxA162lTqCwzJG5jLp,1i1fxkWeaMmKEB4T7zqbzK
Inside Out,"The Chainsmokers, Charlee",69GGBxA162lTqCwzJG5jLp,7sG2bWi2eDtvX9vX8yC1Gn
Setting Fires,"The Chainsmokers, XYL√ò",69GGBxA162lTqCwzJG5jLp,2PC9Tl8SWVO2yhDDtJcrAi
Clarity,"Zedd, Foxes",2qxJFvFYMEDqd7ui6kSAcq,0VGrgE7GbWaINRnh1bR4k9
Beautiful Now,"Zedd, Jon Bellion",2qxJFvFYMEDqd7ui6kSAcq,7FJP35tUJ2121EJsFpU1Gh
The Hills,The Weeknd,1Xyo4u8uXC1ZmMpatF05PJ,7fBv7CLKzipRk6EC6TWHOB
Can't Feel My Face,The Weeknd,1Xyo4u8uXC1ZmMpatF05PJ,22VdIZQfgXJea34mQxlt81
"Earned It (Fifty Shades Of Grey) - From The ""Fifty Shades Of Grey"" Soundtrack",The Weeknd,1Xyo4u8uXC1ZmMpatF05PJ,2PIvq1pGrUjY007X5y1UpM
I Feel It Coming,"The Weeknd, Daft Punk",1Xyo4u8uXC1ZmMpatF05PJ,3dhjNA0jGA8vHBQ1VdD6vV
Often,The Weeknd,1Xyo4u8uXC1ZmMpatF05PJ,4PhsKqMdgMEUSstTDAmMpg
Some Way,"NAV, The Weeknd",7rkW85dBwwrJtlHRDkJDAC,7zxRMhXxJMQCeDDg0rKAVo
Save Your Tears (with Ariana Grande) (Remix),"The Weeknd, Ariana Grande",1Xyo4u8uXC1ZmMpatF05PJ,37BZB0z9T8Xu7U3e65qxFy
Location,Khalid,6LuN9FCkKOj5PcnpouEgny,152lZdxL1OR0ZMW6KquMif
Young Dumb & Broke,Khalid,6LuN9FCkKOj5PcnpouEgny,5Z3GHaZ6ec9bsiI5BenrbY
Gold,Kiiara,4u5smJBskI6Adzv08PuiUP,6ZSO7kPn8IMJFymyticbJO
Lush Life,Zara Larsson,1Xylc3o4UrD53lo9CvFvVg,1rIKgCH4H52lrvDcz50hS8
Roots,Imagine Dragons,53XhwfbYqKCa1cC15pYq2q,4GITtbZtRCQXhWLMXrWXHt
Sugar,Maroon 5,04gDigrS5kc9YWfZHwBETP,2iuZJX9X9P0GKaE93xcPjk
Payphone,"Maroon 5, Wiz Khalifa",04gDigrS5kc9YWfZHwBETP,1LmN9SSHISbtp9LoaR5ZVJ
I Bet My Life,Imagine Dragons,53XhwfbYqKCa1cC15pYq2q,15DrrIod12Tc2IoMaHiwlQ
Bleeding Out,Imagine Dragons,53XhwfbYqKCa1cC15pYq2q,0RchWnEHETINMAyrTrlBmo
Friction,Imagine Dragons,53XhwfbYqKCa1cC15pYq2q,2iIb73Qn02LsZwpW8RJUxh
Moves Like Jagger,"Maroon 5, Christina Aguilera",0LyfQWJT6nXafLPZqxe9Of,64QftS2rGzpynevjuCsJXW
Cutthroat,Imagine Dragons,53XhwfbYqKCa1cC15pYq2q,0n0TbMUY2xrZlvd5J6XsqO
Rolling in the Deep,Adele,4dpARuHxo51G3z768sgnrY,1c8gk2PeTE04A1pIDH9YMk
Skyfall,Adele,4dpARuHxo51G3z768sgnrY,6VObnIkLVruX4UVyxWhlqm
Marvin Gaye (feat. Meghan Trainor),"Charlie Puth, Meghan Trainor",6VuMaDnrHyPL1p4EHjYLi7,6ukMqDxnOPOgoHdak7Kyp3
PILLOWTALK,ZAYN,5ZsFI1h6hIdQRw2ti0hz81,0PDUDa38GO8lMxLCRc4lL1
WILD,Troye Sivan,3WGpXCj9YhhfX11TToZcXP,2HWWsTZxnLSUdFZ4gjsP5N
YOUTH,Troye Sivan,3WGpXCj9YhhfX11TToZcXP,1cOyWWUr3oXJIxY0AjJEx9
Cake By The Ocean,DNCE,6T5tfhQCknKG4UnH90qGnz,76hfruVvmfQbw0eYn1nmeC
Toothbrush,DNCE,6T5tfhQCknKG4UnH90qGnz,7ciLq0Cip0yxiz6KANrOUq
Kissing Strangers,"DNCE, Nicki Minaj",6T5tfhQCknKG4UnH90qGnz,1NkwZ9TnIs8js6G0M6M7RU
Body Moves,DNCE,6T5tfhQCknKG4UnH90qGnz,2igbKtoBMXdYgYPkCpl0V4
Kiwi,Harry Styles,6KImCVD70vtIoJWnq6nGn3,33SNO8AaciGbNaQFkxvPrW
Heat Waves,Glass Animals,4yvcSjfu4PC0CYQyLy4wSq,02MWAaffLxlfxAUY7c5dvx
Enemy (with JID) - from the series Arcane League of Legends,"Imagine Dragons, JID, Arcane, League of Legends",53XhwfbYqKCa1cC15pYq2q,1r9xUipOqoNwggBpENDsvJ
Enemy (with JID) - from the series Arcane League of Legends,"Imagine Dragons, JID, Arcane, League of Legends",53XhwfbYqKCa1cC15pYq2q,1HhNoOuqm1a5MXYEgAFl8o
Viva Las Vengeance,Panic! At The Disco,20JZFwl6HVl6yg8a4H3ZqK,2XRh87n9CQoWkWW94H3Min
High Hopes,Panic! At The Disco,20JZFwl6HVl6yg8a4H3ZqK,1rqqCSm0Qe4I9rUvWncaom
House of Memories,Panic! At The Disco,20JZFwl6HVl6yg8a4H3ZqK,2DgdHcjWmO3qd50RzuBLgZ
ME! (feat. Brendon Urie of Panic! At The Disco),"Taylor Swift, Brendon Urie, Panic! At The Disco",06HL4z0CvFAxyc27GXpf02,2Rk4JlNc2TPmZe2af99d45
I Write Sins Not Tragedies,Panic! At The Disco,20JZFwl6HVl6yg8a4H3ZqK,4bPQs0PHn4xbipzdPfn6du
The Ballad of Mona Lisa,Panic! At The Disco,20JZFwl6HVl6yg8a4H3ZqK,5rLi8B8qgk6qThwRnKHW2P
Emperor's New Clothes,Panic! At The Disco,20JZFwl6HVl6yg8a4H3ZqK,3px2rAPu74ltbkf9eZsZ8h
"Hey Look Ma, I Made It",Panic! At The Disco,20JZFwl6HVl6yg8a4H3ZqK,22oEJW6r2rMb9z4IntfyEa
This Is Gospel,Panic! At The Disco,20JZFwl6HVl6yg8a4H3ZqK,3yZQk5PC52CCmT4ZaTIKvv
Into the Unknown - Panic! At The Disco Version,Panic! At The Disco,0LyfQWJT6nXafLPZqxe9Of,421eObjg0DTm2qajJl5OJm
Don't Threaten Me with a Good Time,Panic! At The Disco,20JZFwl6HVl6yg8a4H3ZqK,2fh3bZ8jZhMxOcfESE9nQY
Say Amen (Saturday Night),Panic! At The Disco,20JZFwl6HVl6yg8a4H3ZqK,76vMKwFtdDDCLcM6zXybjB
The Greatest Show,Panic! At The Disco,20JZFwl6HVl6yg8a4H3ZqK,55PZSFcKQxXH5BOOcDA6yI
Miss Jackson (feat. LOLO),"Panic! At The Disco, LOLO",20JZFwl6HVl6yg8a4H3ZqK,46Kcradxrva9Dny4lHU1b3
Victorious,Panic! At The Disco,20JZFwl6HVl6yg8a4H3ZqK,6od5hFv9IT5JHc7NEF9HRv
Lying Is the Most Fun a Girl Can Have Without Taking Her Clothes Off,Panic! At The Disco,20JZFwl6HVl6yg8a4H3ZqK,5eB7w8UZJKjL5XmnC6Pctg
Nine in the Afternoon - Single Mix,Panic! At The Disco,20JZFwl6HVl6yg8a4H3ZqK,1S30kHvkkdMkcuCTGSgS41
Girls / Girls / Boys,Panic! At The Disco,20JZFwl6HVl6yg8a4H3ZqK,2wEjPgOCEczmjlvq60LyQi
Death of a Bachelor,Panic! At The Disco,20JZFwl6HVl6yg8a4H3ZqK,1BECwm5qkaBwlbfo4kpYx8
Let's Kill Tonight,Panic! At The Disco,20JZFwl6HVl6yg8a4H3ZqK,14uvyd51Ha7FihKHlOtUig
"Build God, Then We'll Talk",Panic! At The Disco,20JZFwl6HVl6yg8a4H3ZqK,4rstj4vgkFq49R2VV0fbxX
Nicotine,Panic! At The Disco,20JZFwl6HVl6yg8a4H3ZqK,5Q4H1XkVHxQjnrHCUpS61d
LA Devotee,Panic! At The Disco,20JZFwl6HVl6yg8a4H3ZqK,2fmCA13dwQQOGBIbIOWRiJ
New Perspective,Panic! At The Disco,0LyfQWJT6nXafLPZqxe9Of,5psEUJWeJU2BiOYyWdjgxZ
The Only Difference Between Martyrdom and Suicide Is Press Coverage,Panic! At The Disco,20JZFwl6HVl6yg8a4H3ZqK,4WdopfTdSd0nCLropjhsgH
Roaring 20s,Panic! At The Disco,20JZFwl6HVl6yg8a4H3ZqK,0wdV94AXGRphrbkDWLNzVC
Don't Let The Light Go Out,Panic! At The Disco,20JZFwl6HVl6yg8a4H3ZqK,2Tg7Tc4H50u11aDpmSRQTB
Sarah Smiles,Panic! At The Disco,20JZFwl6HVl6yg8a4H3ZqK,00h6syYCxPKVsInPHXhdZ1
But It's Better If You Do,Panic! At The Disco,20JZFwl6HVl6yg8a4H3ZqK,2ZqTtndqAZDRAWw2vgZwQK
King of the Clouds,Panic! At The Disco,20JZFwl6HVl6yg8a4H3ZqK,50Hv5NZIM0puIUoBttjpfb
Collar Full,Panic! At The Disco,20JZFwl6HVl6yg8a4H3ZqK,1zN3CZlafjfEiMR9uXQGrW
Nearly Witches (Ever Since We Met...),Panic! At The Disco,20JZFwl6HVl6yg8a4H3ZqK,2KA3lvDwQQiyvuJJvzifGL
"There's a Good Reason These Tables Are Numbered Honey, You Just Haven't Thought of It Yet",Panic! At The Disco,20JZFwl6HVl6yg8a4H3ZqK,4xSVkbqCz1xaevkjP8xXL5
One of the Drunks,Panic! At The Disco,20JZFwl6HVl6yg8a4H3ZqK,5trCWbYtza0QUxdmF9HAPX
Far Too Young to Die,Panic! At The Disco,20JZFwl6HVl6yg8a4H3ZqK,4NTL7fT4eqfPao94lmqth2
Northern Downpour,Panic! At The Disco,20JZFwl6HVl6yg8a4H3ZqK,49SL9f1Kz73p0bzsNPTY4l
Always,Panic! At The Disco,20JZFwl6HVl6yg8a4H3ZqK,5VL7pScLlKe4MbB8EAivgA
C'mon - Single Version,"Panic! At The Disco, fun.",20JZFwl6HVl6yg8a4H3ZqK,53c9tTEHXWL5GkYNalbXZ3
Middle Of A Breakup,Panic! At The Disco,20JZFwl6HVl6yg8a4H3ZqK,18Lvxsm4l6noRNjQW8nS4b
That Green Gentleman (Things Have Changed),Panic! At The Disco,20JZFwl6HVl6yg8a4H3ZqK,2d1D1E8M48hHE99u6BO8RN
Hurricane,Panic! At The Disco,20JZFwl6HVl6yg8a4H3ZqK,7l9uOhfVJC8Y0c6PXHrgbs
Bohemian Rhapsody,Panic! At The Disco,0LyfQWJT6nXafLPZqxe9Of,2YSbHu9XF4bNYWt3MnIhgE
Say It Louder,Panic! At The Disco,20JZFwl6HVl6yg8a4H3ZqK,61aS3LDHi60ZZr3ZpHG2AP
When the Day Met the Night,Panic! At The Disco,20JZFwl6HVl6yg8a4H3ZqK,7v1b3qExlTFrpFWrtcnUpE
High Hopes - White Panda Remix,"Panic! At The Disco, White Panda",20JZFwl6HVl6yg8a4H3ZqK,1wR8ATQr0sxSfp6jGJ5Oe6
Local God,Panic! At The Disco,20JZFwl6HVl6yg8a4H3ZqK,2RQ0D9N823H0WT1vSy74RM
She Had the World,Panic! At The Disco,20JZFwl6HVl6yg8a4H3ZqK,673WCjn0SxKJD4qRKczaCk
Sugar Soaker,Panic! At The Disco,20JZFwl6HVl6yg8a4H3ZqK,5SJdekNLV0K53bTxkP3tyq
Running Up That Hill (A Deal With God),Kate Bush,1aSxMhuvixZ8h9dK9jIDwL,1PtQJZVZIdWIYdARpZRDFO
A Million Dreams,"Ziv Zaifman, Hugh Jackman, Michelle Williams",0LyfQWJT6nXafLPZqxe9Of,0RoA7ObU6phWpqhlC9zH4Z
Rewrite The Stars,"Zac Efron, Zendaya",0LyfQWJT6nXafLPZqxe9Of,65fpYBrI8o2cfrwf2US4gq
The Other Side,"Hugh Jackman, Zac Efron",0LyfQWJT6nXafLPZqxe9Of,2cKovq3l6OJjhVVDbVKOsr
City Of Stars,Ryan Gosling,2snm3HmsnDUDxbIChdl2Oj,5BMwpS4iYKR30kq9U9beaT
A Lovely Night,"Ryan Gosling, Emma Stone",2snm3HmsnDUDxbIChdl2Oj,4r9hiElqKWMPT4Z3vN2exq
Someone In The Crowd,"Emma Stone, Callie Hernandez, Sonoya Mizuno, Jessica Rothe",2snm3HmsnDUDxbIChdl2Oj,39ncDMVidHOeQgeC5anYZM
Another Day Of Sun,La La Land Cast,2snm3HmsnDUDxbIChdl2Oj,5kRBzRZmZTXVg8okC7SJFZ
"Circle of Life (From ""The Lion King"") - From ""The Lion King"" Soundtrack","Carmen Twillie, Lebo M.",0LyfQWJT6nXafLPZqxe9Of,7tL61fgLUj48iB6JXVWzii
This Land,"Hans Zimmer, Lebo M.",0LyfQWJT6nXafLPZqxe9Of,6EKywtYHtZLAvxyEcqrbE7
Tightrope,Michelle Williams,0LyfQWJT6nXafLPZqxe9Of,0GVuLQtPXFaL18ijEOqoAa
Kaer Morhen,Marcin Przyby≈Çowicz,07vycW8ICLf5hKb22PFWXw,761SMhVKJlJlUCUveNcq1m
Rolling in the Deep,Adele,4dpARuHxo51G3z768sgnrY,4OSBTYWVwsQhGLF9NHvIbR
Before He Cheats,Carrie Underwood,4xFUf1FHVy696Q1JQZMTRj,0ZUo4YjG4saFnEJhdWp9Bt
Cry Me a River,Justin Timberlake,31TPClRtHm23RisEBtV3X7,7Lf7oSEVdzZqTA0kEDSlS5
You Oughta Know,Alanis Morissette,6ogn9necmbUdCppmNnGOdi,17ZAZ24Eyh5fKqQ06u4R3d
Backstabber,Kesha,6LqNN22kT3074XbTVUrhzX,4GRFzKI7jTZ3kbMfouc7bn
Irreplaceable,Beyonc√©,6vWDO969PvNqNYHIOW5v0m,6RX5iL93VZ5fKmyvNXvF1r
Jealous,Labrinth,2feDdbD5araYcm6JhFHHw7,4G92yYrUs0cvY7G41YRI0z
abcdefu,GAYLE,2VSHKHBTiXWplO8lxcnUC9,0y1mX0LxNwSMRPXWutJOJu
Bad Blood,Taylor Swift,06HL4z0CvFAxyc27GXpf02,0TvQLMecTE8utzoNmvXRbK
Sorry Not Sorry,Demi Lovato,6S2OmqARrzebs0tKUEyXyp,0yvPEnB032fojLfVluFjUv
Look What You Made Me Do,Taylor Swift,06HL4z0CvFAxyc27GXpf02,2VjtYe7gpfUi2OkGxR2O2z
Fuck You,CeeLo Green,5nLYd9ST4Cnwy6NHaCxbj8,4ycLiPVzE5KamivXrAzGFG
Believer,One Voice Children's Choir,6R6DXuHYxkMv159D9OaS3C,6YR1a3NXjTgSreewa3UUQS
Waka Waka (This Time for Africa) [The Official 2010 FIFA World Cup (TM) Song] (feat. Freshlyground),"Shakira, Freshlyground",0EmeFodog0BfCgMzAIvKQp,2Cd9iWfcOpGDHLz6tVA3G4
Unstoppable,Sia,5WUlDfRSoLAfcVSX1WnrxN,2J2Z1SkXYghSajLibnQHOa
Snowman,Sia,5WUlDfRSoLAfcVSX1WnrxN,7uoFMmxln0GPXQ0AcCBXRq
Never Say Never,"Justin Bieber, Jaden",1uNFoZAHBGtllmzznpCI3s,5GYbkDveRD2I8M5ZJ14hWn
Legends Never Die,"League of Legends, Against The Current",47mIJdHORyRerp4os813jD,1FpVJ7HpZInE2GvhVE2TwT
Never Give Up,Sia,5WUlDfRSoLAfcVSX1WnrxN,1ssmjAYSU5PbmsjLq5yrNH
Scars To Your Beautiful,Alessia Cara,2wUjUUtkb5lvLKcGKsKqsR,42ydLwx4i5V49RXHOozJZq
Gimme More,Britney Spears,26dSoYclwsYLMAKD3tpOr4,6ic8OlLUNEATToEFU3xmaH
Billie Jean,Michael Jackson,3fMbdgg4jU18AjLCKBhRSm,5ChkMS8OtdzJeqyybCc9R5
Save Your Tears,The Weeknd,1Xyo4u8uXC1ZmMpatF05PJ,5QO79kh1waicV47BqGRL3g
Sweet but Psycho,Ava Max,4npEfmQ6YuiwW1GpUmaq3F,7DnAm9FOTWE3cUvso43HhI
everything i wanted,Billie Eilish,6qqNVTkY8uBg9cP3Jd7DAH,3ZCTVFBt2Brf31RLEnCkWJ
Start A Fire,John Legend,2snm3HmsnDUDxbIChdl2Oj,7cyKrN1y4q59bc1gJX3QEG
Moving,Macaco,7mUBMaZW1MXGswaneb0JTT,2wvmkXG4foIJ2xUiwLhBjA
Bam Bam (feat. Ed Sheeran),"Camila Cabello, Ed Sheeran",4nDoRrQiYLoBzwC5BhVJzF,2DB4DdfCFMw1iaR6JaR03a
My Oh My (feat. DaBaby),"Camila Cabello, DaBaby",4nDoRrQiYLoBzwC5BhVJzF,3yOlyBJuViE2YSGn3nVE1K
Cruel Summer,Taylor Swift,06HL4z0CvFAxyc27GXpf02,1BxfuPKGuaTgP7aM0Bbdwr
"Feels (feat. Pharrell Williams, Katy Perry & Big Sean)","Calvin Harris, Pharrell Williams, Katy Perry, Big Sean",7CajNmpbOovFoOoasH2HaY,7840mcgnpkHeYU8jwMdq4n
Pompeii,Bastille,7EQ0qTo7fWT7DPxmxtSYEc,6fNhZRFEkBfgW39W3wKARJ
Wonderwall - Remastered,Oasis,2DaxqgrOhkeH0fpeiQq2f4,5qqabIl2vWzo9ApSC317sa
Take Me To Church,Hozier,2FXC3k01G6Gw61bmprjgqS,3dYD57lRAUcMHufyqn9GcI
Best Day Of My Life,American Authors,0MlOPi3zIDMVrfA9R04Fe3,5Hroj5K7vLpIG4FNCRIjbP
Little Talks,Of Monsters and Men,4dwdTW1Lfiq0cM8nBAqIIz,2ihCaVdNZmnHZWt0fvAM7B
Hey Brother,Avicii,1vCWHaC5f2uS3yhpwWbIA6,4lhqb6JvbHId48OUJGwymk
Another One Bites The Dust - Remastered 2011,Queen,1dfeR4HaWDbWqFHLkxsg1d,5vdp5UmvTsnMEMESIF2Ym7
Love Is A Long Road,Tom Petty,2UZMlIwnkgAEDBsw1Rejkn,4PJEK76V3A1S0XzZJuTWh7
Self Control,Laura Branigan,4463nfFMmK1cwAWBQDwT5e,6JNJERZGJwDVgkmbohBw7u
Ace Of Hz,Ladytron,0ucLPotcQNI7AViFytdhBz,5fljjreAB1XiEhp4rqllTz
Fire With Fire,Scissor Sisters,3Y10boYzeuFCJ4Qgp53w6o,5iisd7hdraB6hwI47W2jz8
The Cycle,Trap 6,3aiZFAiFFnjfjxfXOAFGy7,1Q22IOmeoJpgsVKEoAEpkd
All Star,Smash Mouth,2iEvnFsWxR0Syqu2JNopAd,3cfOd4CMv2snFaKAnMdnvK
"Hey, Soul Sister",Train,3FUY2gzHeIiaesXtOAdB7A,4HlFJV71xXKIGcU3kRyttv
Thrift Shop (feat. Wanz),"Macklemore & Ryan Lewis, Macklemore, Ryan Lewis, Wanz",3JhNCzhSMTxs9WLGJJxWOY,6CjtS2JZH9RkDz5UVInsa9
Livin' On A Prayer,Bon Jovi,58lV9VcRSjABbAbfWS6skp,37ZJ0p5Jm13JPevGcx4SkF
I Gotta Feeling,Black Eyed Peas,1yxSLGMDHlW21z4YXirZDS,4kLLWz7srcuLKA7Et40PQR
Safe And Sound,Capital Cities,4gwpcMTbLWtBUlOijbVpuu,6Z8R6UsFuGXGtiIxiD8ISb
Eye of the Tiger,Survivor,26bcq2nyj5GB7uRr558iQg,2HHtWyy5CgaQbC7XSoOb0e
Sweet Dreams (Are Made of This) - Remastered,"Eurythmics, Annie Lennox, Dave Stewart",0NKDgy9j66h3DLnN8qu1bB,1TfqLAPs4K3s2rJMoCokcS
Renegades,X Ambassadors,3NPpFNZtSTHheNBaWC82rB,0fYVliAYKHuPmECRs1pbRf
Drive By,Train,3FUY2gzHeIiaesXtOAdB7A,0KAiuUOrLTIkzkpfpn9jb9
Riptide,Vance Joy,10exVja0key0uqUkk6LJRT,7yq4Qj7cqayVTp3FF9CWbm
Ho Hey,The Lumineers,16oZKvXb6WkQlVAjwo2Wbg,1K3LRUEcUz5FMtPYyg0F45
Chasing Cars,Snow Patrol,3rIZMv9rysU7JkLzEaC5Jp,5hnyJvgoWiQUYZttV4wXy6
Weightless,Marconi Union,0LyfQWJT6nXafLPZqxe9Of,6kkwzB6hXLIONkEk9JciA6
Firework,Katy Perry,6jJ0s89eD6GaHleKKya26X,1mXuMM6zjPgjL4asbBsgnt
We Are The Champions - Remastered 2011,Queen,1dfeR4HaWDbWqFHLkxsg1d,1lCRw5FEZ1gPDNPzy1K4zW
Let It Go,James Bay,4EzkuveR9pLvDVFNx6foYD,3nnG7AM9QopHVPEuLX3Khk
Stronger,Kanye West,5K4W6rqBFWDnAN6FQUkS6x,0j2T0R9dR9qdJYsB7ciXhf
"Happy - From ""Despicable Me 2""",Pharrell Williams,2RdwBSPQiwcmiDo9kixcl8,60nZcImufyMA1MKQY3dcCH
Complicated,Avril Lavigne,0p4nmQO2msCgU4IF37Wi3j,5xEM5hIgJ1jjgcEBfpkt2F
Blessed,Elton John,3PhoLpVuITZKcymswpck5b,4rKsQBxDysJWqXpY5TAekd
Trust In Me,Etta James,0iOVhN3tnSvgDbcg25JoJb,5Zu9mG353GB3p26t7M5AmR
Count on Me,Bruno Mars,0du5cEVh5yTK9QJze8zA0C,7l1qvxWjxcKpB9PCtBuTbU
Uptown Funk (feat. Bruno Mars),"Mark Ronson, Bruno Mars",3hv9jJF3adDNsBSIQDqcjp,32OlwWuMpZ6b0aN2RZOeMS
Finesse,Bruno Mars,0du5cEVh5yTK9QJze8zA0C,5XMkENs3GfeRza8MfVAhjK
No Limit,"G-Eazy, A$AP Rocky, Cardi B",02kJSzxNuaWGqwubyUba0Z,2DQ1ITjI0YoLFzuADN1ZBW
Take A Bow,Rihanna,5pKCCKE2ajJHZ9KAiaK11H,3goSVuTt3fDYDP6kRnFwuL
Nothing Compares 2 U,Sin√©ad O'Connor,4sD9znwiVFx9cgRPZ42aQ1,5GHY1DFWKz3Prg2V0Iodqo
Banana Pancakes,Jack Johnson,3GBPw9NK25X1Wt2OUvOwY3,0BgbobvykXxEvxo2HhCuvM
Come Away With Me,Norah Jones,2Kx7MNY7cI1ENniW7vT30N,6jGnykaS6TkWp15utXSAeI
Castle on the Hill,Ed Sheeran,6eUKZXaKkcviH0Ku9w2n3V,6PCUP3dWmTjcTtXY02oFdT
Take Me Back to London (feat. Stormzy),"Ed Sheeran, Stormzy",6eUKZXaKkcviH0Ku9w2n3V,1AI7UPw3fgwAFkvAlZWhE0
1979,The Smashing Pumpkins,40Yq4vzPs9VNUrIBG5Jr2i,3h5zik31hTTat9jmpCZZNC
Yesterday - Remastered 2009,The Beatles,3WrFJ7ztbogyGnTHbHJFl2,3BQHpFgAp4l80e1XslIjNI
Apologize,OneRepublic,5Pwc4xIPtQLFEnJriah9YJ,3UhXPxLDFKCj1ZO6mmtV0a
Island In The Sun,Weezer,3jOstUTkEu2JkjvRdBA5Gu,2MLHyLy5z5l5YRp7momlgw
Three Little Birds,Bob Marley & The Wailers,2QsynagSdAqZj3U9HgDzjD,7vggqxNKwd6xdRoYS0pQtM
Put Your Records On,Corinne Bailey Rae,29WzbAQtDnBJF09es0uddn,2nGFzvICaeEWjIrBrL2RAx
Good Time,"Owl City, Carly Rae Jepsen",07QEuhtrNmmZ0zEcqE9SF6,1kPpge9JDLpcj15qgrPbYX
Roar,Katy Perry,6jJ0s89eD6GaHleKKya26X,6F5c58TMEs1byxUstkzVeM
I'm So Tired - Remastered 2009,The Beatles,3WrFJ7ztbogyGnTHbHJFl2,2X9H5BokS1u5O46YpNYNsZ
Unsteady,X Ambassadors,3NPpFNZtSTHheNBaWC82rB,7lGKEWMXVWWTt3X71Bv44I
In My Blood,Shawn Mendes,7n2wHs1TKAczGzO7Dd2rGr,2QZ7WLBE8h2y1Y5Fb8RYbH
The Climb,Miley Cyrus,5YGY8feqx7naU7z4HrwZM6,5x5JM1BSB6vollcIzDocqT
Basket Case,Green Day,7oPftvlwr6VrsViSDV7fJY,6L89mwZXSOwYl76YXfX13s
Started From the Bottom,Drake,3TVXtAsR1Inumwj472S9r4,3dgQqOiQ9fCKVhNOedd2lf
Sleeping Sickness,City and Colour,74gcBzlQza1bSfob90yRhR,2SBFyml6gSXByXMRfW6UYi
I Need Some Sleep,Eels,3zunDAtRDg7kflREzWAhxl,1YrlYk4iWEFmn2KQfYNOEz
Somebody That I Used To Know,"Gotye, Kimbra",2AsusXITU8P25dlRNhcAbG,1qDrWA6lyx8cLECdZE7TV7
Lost,Frank Ocean,2h93pZq0e7k5yf4dywlkpM,3GZD6HmiNUhxXYf8Gch723
Suddenly I See,KT Tunstall,5zzrJD2jXrE9dZ1AklRFcL,5p9XWUdvbUzmPCukOmwoU3
The Moment I Knew (Taylor's Version),Taylor Swift,06HL4z0CvFAxyc27GXpf02,0NRHj8hDwwmSPaA41o379r
epiphany,Taylor Swift,06HL4z0CvFAxyc27GXpf02,08fa9LFcFBTcilB3iq2e2A
"Paint It, Black",The Rolling Stones,22bE4uQ6baNwSHPVcDxLCe,63T7DJ1AFDD6Bn8VzG6JE8
Bloody Mary,Lady Gaga,1HY2Jd0NmPuamShAr6KMms,53jnnqFSRGMDB9ADrNriCA
Do I Wanna Know?,Arctic Monkeys,7Ln80lUS6He07XvHI8qqHH,5FVd6KXrgO9B3JPmC8OPst
Don't Stop Me Now - Remastered 2011,Queen,1dfeR4HaWDbWqFHLkxsg1d,5T8EDUDqKcs6OSOwEsfqG7
